"","date","S154_AMMONIA-N_mg/L","days"
"1",1973-10-02,0.02,2
"2",1973-11-07,0.04,38
"3",1973-12-05,0.07,66
"4",1974-01-08,0.08,100
"5",1974-02-12,0.09,135
"6",1974-03-05,0.07,156
"7",1974-04-02,0.07,184
"8",1974-05-07,0.09,219
"9",1974-06-11,0.05,254
"10",1974-07-09,0.16,282
"11",1974-08-13,0.14,317
"12",1974-09-10,0.11,345
"13",1974-10-08,0.05,373
"14",1974-11-05,0.06,401
"15",1974-12-10,0.04,436
"16",1975-01-07,0.06,464
"17",1975-02-04,0.07,492
"18",1975-03-05,0.09,521
"19",1975-04-08,0.09,555
"20",1975-05-06,0.03,583
"21",1975-06-03,0.03,611
"22",1975-07-15,0.03,653
"23",1975-08-12,0.05,681
"24",1975-09-12,0.06,712
"25",1975-10-28,0.02,758
"26",1975-11-18,0.09,779
"27",1976-02-12,0.01,865
"28",1976-05-11,0.08,954
"29",1976-07-20,0.17,1024
"30",1976-08-24,0.11,1059
"31",1976-09-21,NA,1087
"32",1976-10-19,0.03,1115
"33",1977-12-01,NA,1523
"34",1978-01-24,0.02,1577
"35",1978-03-21,0.07,1633
"36",1978-05-30,0.02,1703
"37",1978-06-21,0.1,1725
"38",1978-07-25,0.09,1759
"39",1978-08-22,0.05,1787
"40",1978-09-18,0.07,1814
"41",1978-10-23,NA,1849
"42",1978-11-20,NA,1877
"43",1978-12-04,0.04,1891
"44",1978-12-19,0.01,1906
"45",1979-01-08,0.02,1926
"46",1979-01-22,0.03,1940
"47",1979-02-05,0.03,1954
"48",1979-02-20,0.01,1969
"49",1979-03-05,0.07,1982
"50",1979-03-19,0.05,1996
"51",1979-04-02,0.03,2010
"52",1979-04-16,0.05,2024
"53",1979-04-30,0.02,2038
"54",1979-05-14,0.03,2052
"55",1979-05-29,0.05,2067
"56",1979-06-11,0.1,2080
"57",1979-06-25,0.08,2094
"58",1979-07-09,0.01,2108
"59",1979-07-23,0.07,2122
"60",1979-08-06,NA,2136
"61",1979-08-20,0.03,2150
"62",1979-09-05,0.04,2166
"63",1979-09-18,0.04,2179
"64",1979-10-01,0.07,2192
"65",1979-10-15,0.126666666666667,2206
"66",1979-10-29,0.24,2220
"67",1979-11-13,0.14,2235
"68",1979-11-27,0.06,2249
"69",1979-12-11,NA,2263
"70",1979-12-27,0.11,2279
"71",1980-01-08,0.03,2291
"72",1980-01-22,0.02,2305
"73",1980-02-05,0.03,2319
"74",1980-02-19,0.02,2333
"75",1980-03-04,0.05,2347
"76",1980-03-18,0.05,2361
"77",1980-04-02,0.06,2376
"78",1980-04-16,0.04,2390
"79",1980-04-30,0.01,2404
"80",1980-05-13,0.08,2417
"81",1980-05-28,NA,2432
"82",1980-06-09,NA,2444
"83",1980-06-25,0.03,2460
"84",1980-07-08,0.02,2473
"85",1980-07-24,0.1,2489
"86",1980-08-04,0.07,2500
"87",1980-08-20,0.09,2516
"88",1980-09-03,0.09,2530
"89",1980-09-17,0.4,2544
"90",1980-10-01,0.41,2558
"91",1980-10-14,NA,2571
"92",1980-10-29,0.05,2586
"93",1980-11-12,0.02,2600
"94",1980-12-02,0.02,2620
"95",1980-12-31,0.15,2649
"96",1981-01-14,0.08,2663
"97",1981-01-27,NA,2676
"98",1981-02-11,0.01,2691
"99",1981-02-24,0.04,2704
"100",1981-03-11,0.02,2719
"101",1981-03-24,NA,2732
"102",1981-04-08,NA,2747
"103",1981-04-21,NA,2760
"104",1981-05-06,0.01,2775
"105",1981-05-19,0.02,2788
"106",1981-06-02,0.02,2802
"107",1981-06-17,NA,2817
"108",1981-06-30,NA,2830
"109",1981-07-16,NA,2846
"110",1981-07-28,NA,2858
"111",1981-08-12,0.085,2873
"112",1981-08-25,NA,2886
"113",1981-09-10,0.27,2902
"114",1981-09-23,0.19,2915
"115",1981-10-06,0.17,2928
"116",1981-10-20,0.15,2942
"117",1981-11-04,0.26,2957
"118",1981-12-02,0.08,2985
"119",1981-12-29,0.06,3012
"120",1982-02-24,0.05,3069
"121",1982-04-05,0.11,3109
"122",1982-05-04,0.67,3138
"123",1982-06-01,0.04,3166
"124",1982-06-14,NA,3179
"125",1982-07-01,0.19,3196
"126",1982-07-12,0.2,3207
"127",1982-07-27,0.15,3222
"128",1982-08-25,0.06,3251
"129",1982-10-05,0.06,3292
"130",1982-10-20,0.05,3307
"131",1982-11-22,0.06,3340
"132",1982-12-22,0.02,3370
"133",1983-02-17,0.02,3427
"134",1983-03-02,0.02,3440
"135",1983-03-15,0.01,3453
"136",1983-03-29,0.02,3467
"137",1983-04-15,NA,3484
"138",1983-10-25,0.13,3677
"139",1984-02-29,0.06,3804
"140",1984-07-31,0.12,3957
"141",1984-09-25,0.04,4013
"142",1984-10-23,0.06,4041
"143",1984-11-19,1.57,4068
"144",1984-12-18,0.01,4097
"145",1985-01-15,0.05,4125
"146",1985-02-26,0.03,4167
"147",1985-03-12,0.07,4181
"148",1985-04-23,0.01,4223
"149",1985-05-06,0.08,4236
"150",1985-06-19,0.37,4280
"151",1985-07-30,0.21,4321
"152",1985-08-27,0.24,4349
"153",1985-09-24,0.1,4377
"154",1985-10-08,0.11,4391
"155",1985-10-22,0.16,4405
"156",1985-11-05,0.07,4419
"157",1985-12-03,0.02,4447
"158",1986-01-14,0.05,4489
"159",1986-02-12,0.08,4518
"160",1986-02-25,NA,4531
"161",1986-03-25,0.16,4559
"162",1986-04-08,NA,4573
"163",1986-05-06,0.31,4601
"164",1986-06-17,0.96,4643
"165",1986-07-01,0.39,4657
"166",1986-07-15,0.23,4671
"167",1986-07-29,0.11,4685
"168",1986-08-14,0.11,4701
"169",1986-08-26,0.08,4713
"170",1986-09-23,0.06,4741
"171",1986-10-21,NA,4769
"172",1986-11-18,0.05,4797
"173",1986-12-03,0.03,4812
"174",1987-01-07,0.09,4847
"175",1987-02-18,NA,4889
"176",1987-03-17,0.03,4916
"177",1987-03-31,0.06,4930
"178",1987-04-14,0.06,4944
"179",1987-04-28,NA,4958
"180",1987-05-11,NA,4971
"181",1987-05-26,NA,4986
"182",1987-06-10,0.04,5001
"183",1987-06-24,NA,5015
"184",1987-07-08,0.02,5029
"185",1987-07-21,NA,5042
"186",1987-08-04,NA,5056
"187",1987-08-18,NA,5070
"188",1987-09-01,0.03,5084
"189",1987-09-29,0.06,5112
"190",1987-10-13,0.08,5126
"191",1987-10-28,0.05,5141
"192",1987-11-10,0.04,5154
"193",1987-11-24,0.02,5168
"194",1987-12-08,0.05,5182
"195",1987-12-21,0.03,5195
"196",1987-12-22,0.01,5196
"197",1987-12-28,0.1,5202
"198",1987-12-30,0.09,5204
"199",1988-01-01,0.08,5206
"200",1988-01-03,0.04,5208
"201",1988-01-05,0.03,5210
"202",1988-01-06,0.03,5211
"203",1988-01-07,0.02,5212
"204",1988-01-09,0.02,5214
"205",1988-01-10,0.06,5215
"206",1988-01-12,0.05,5217
"207",1988-01-13,0.02,5218
"208",1988-01-14,0.06,5219
"209",1988-01-15,0.02,5220
"210",1988-01-19,0.03,5224
"211",1988-01-21,NA,5226
"212",1988-01-22,NA,5227
"213",1988-01-23,0.03,5228
"214",1988-01-25,0.05,5230
"215",1988-01-28,0.02,5233
"216",1988-01-31,NA,5236
"217",1988-02-01,0.06,5237
"218",1988-02-02,NA,5238
"219",1988-02-04,0.03,5240
"220",1988-02-06,0.08,5242
"221",1988-02-08,0.06,5244
"222",1988-02-09,0.08,5245
"223",1988-02-13,0.03,5249
"224",1988-02-16,NA,5252
"225",1988-02-17,0.01,5253
"226",1988-02-19,0.03,5255
"227",1988-02-20,0.03,5256
"228",1988-02-22,0.11,5258
"229",1988-02-25,0.26,5261
"230",1988-02-27,0.32,5263
"231",1988-02-28,0.46,5264
"232",1988-02-29,0.03,5265
"233",1988-03-01,NA,5266
"234",1988-03-02,NA,5267
"235",1988-03-03,NA,5268
"236",1988-03-05,NA,5270
"237",1988-03-07,0.005,5272
"238",1988-03-09,0.02,5274
"239",1988-03-13,NA,5278
"240",1988-03-14,0.02,5279
"241",1988-03-15,NA,5280
"242",1988-03-16,0.09,5281
"243",1988-03-18,0.02,5283
"244",1988-03-19,0.03,5284
"245",1988-03-20,0.17,5285
"246",1988-03-21,0.12,5286
"247",1988-03-22,0.05,5287
"248",1988-03-24,0.05,5289
"249",1988-03-26,0.03,5291
"250",1988-03-28,0,5293
"251",1988-03-29,NA,5294
"252",1988-03-30,NA,5295
"253",1988-03-31,NA,5296
"254",1988-04-02,NA,5298
"255",1988-04-03,NA,5299
"256",1988-04-04,0.05,5300
"257",1988-04-06,NA,5302
"258",1988-04-07,NA,5303
"259",1988-04-08,NA,5304
"260",1988-04-09,NA,5305
"261",1988-04-10,0.18,5306
"262",1988-04-11,0,5307
"263",1988-04-12,NA,5308
"264",1988-04-13,NA,5309
"265",1988-04-14,NA,5310
"266",1988-04-15,0.04,5311
"267",1988-04-16,NA,5312
"268",1988-04-17,NA,5313
"269",1988-04-18,0.01,5314
"270",1988-04-19,NA,5315
"271",1988-04-20,NA,5316
"272",1988-04-21,0.03,5317
"273",1988-04-22,0.02,5318
"274",1988-04-23,0.06,5319
"275",1988-04-25,NA,5321
"276",1988-04-26,0.42,5322
"277",1988-04-27,0.02,5323
"278",1988-04-29,0.08,5325
"279",1988-04-30,NA,5326
"280",1988-05-01,NA,5327
"281",1988-05-02,0.01,5328
"282",1988-05-09,0.04,5335
"283",1988-05-10,NA,5336
"284",1988-05-11,NA,5337
"285",1988-05-12,0.14,5338
"286",1988-05-13,0.065,5339
"287",1988-05-14,NA,5340
"288",1988-05-15,NA,5341
"289",1988-05-17,NA,5343
"290",1988-05-24,0.735,5350
"291",1988-06-01,NA,5358
"292",1988-06-02,0.03,5359
"293",1988-06-03,0.13,5360
"294",1988-06-04,0.08,5361
"295",1988-06-05,0.1,5362
"296",1988-06-06,0.01,5363
"297",1988-06-07,0.183333333333333,5364
"298",1988-06-08,0.15,5365
"299",1988-06-09,0.185,5366
"300",1988-06-10,0.17,5367
"301",1988-06-11,0.1,5368
"302",1988-06-12,0.05,5369
"303",1988-06-14,NA,5371
"304",1988-06-15,NA,5372
"305",1988-06-16,0.08,5373
"306",1988-06-17,NA,5374
"307",1988-06-18,NA,5375
"308",1988-06-19,NA,5376
"309",1988-06-20,NA,5377
"310",1988-06-21,0.115,5378
"311",1988-06-28,NA,5385
"312",1988-06-29,0.15,5386
"313",1988-06-30,0.105,5387
"314",1988-07-01,0.14,5388
"315",1988-07-02,0.08,5389
"316",1988-07-03,0.03,5390
"317",1988-07-06,0.0133333333333333,5393
"318",1988-07-07,0.09,5394
"319",1988-07-08,0.06,5395
"320",1988-07-09,0.145,5396
"321",1988-07-10,0.07,5397
"322",1988-07-11,0.04,5398
"323",1988-07-18,0.03,5405
"324",1988-07-19,NA,5406
"325",1988-07-20,NA,5407
"326",1988-07-21,NA,5408
"327",1988-07-22,NA,5409
"328",1988-07-23,0.14,5410
"329",1988-07-25,NA,5412
"330",1988-07-27,0.19,5414
"331",1988-07-28,0.19,5415
"332",1988-07-29,0.165,5416
"333",1988-07-30,0.14,5417
"334",1988-07-31,0.06,5418
"335",1988-08-01,NA,5419
"336",1988-08-02,NA,5420
"337",1988-08-03,0.04,5421
"338",1988-08-04,NA,5422
"339",1988-08-05,0.05,5423
"340",1988-08-06,0.03,5424
"341",1988-08-07,0.04,5425
"342",1988-08-08,0.01,5426
"343",1988-08-09,0.15,5427
"344",1988-08-11,0.13,5429
"345",1988-08-12,0.05,5430
"346",1988-08-13,0.03,5431
"347",1988-08-15,0.1,5433
"348",1988-08-16,0.11,5434
"349",1988-08-17,0.11,5435
"350",1988-08-19,0.14,5437
"351",1988-08-21,0.02,5439
"352",1988-08-22,NA,5440
"353",1988-08-23,0.15,5441
"354",1988-08-24,0.08,5442
"355",1988-08-26,0.03,5444
"356",1988-08-28,0.22,5446
"357",1988-08-30,0.095,5448
"358",1988-08-31,NA,5449
"359",1988-09-01,0.175,5450
"360",1988-09-07,0.19,5456
"361",1988-09-12,0.21,5461
"362",1988-09-13,0.11,5462
"363",1988-09-26,0.22,5475
"364",1988-09-27,0.05,5476
"365",1988-09-29,NA,5478
"366",1988-10-01,NA,5480
"367",1988-10-02,NA,5481
"368",1988-10-03,2.12,5482
"369",1988-10-05,1.16,5484
"370",1988-10-07,1.06,5486
"371",1988-10-09,0.64,5488
"372",1988-10-11,NA,5490
"373",1988-10-19,NA,5498
"374",1988-10-21,NA,5500
"375",1988-10-23,NA,5502
"376",1988-10-25,0.02,5504
"377",1988-10-26,0.03,5505
"378",1988-10-29,NA,5508
"379",1988-10-30,0.02,5509
"380",1988-11-03,0.02,5513
"381",1988-11-04,0,5514
"382",1988-11-06,NA,5516
"383",1988-11-09,NA,5519
"384",1988-11-11,NA,5521
"385",1988-11-13,NA,5523
"386",1988-12-20,0.18,5560
"387",1988-12-27,NA,5567
"388",1988-12-31,0.01,5571
"389",1989-01-02,NA,5573
"390",1989-01-04,0.17,5575
"391",1989-01-18,0.15,5589
"392",1989-01-31,0.2,5602
"393",1989-02-14,0.14,5616
"394",1989-02-28,0.09,5630
"395",1989-03-15,0.02,5645
"396",1989-03-28,0.05,5658
"397",1989-04-11,0.34,5672
"398",1989-04-26,NA,5687
"399",1989-05-10,0.07,5701
"400",1989-05-24,NA,5715
"401",1989-06-06,0.01,5728
"402",1989-06-13,0.02,5735
"403",1989-06-15,NA,5737
"404",1989-06-17,NA,5739
"405",1989-06-19,NA,5741
"406",1989-06-21,NA,5743
"407",1989-06-27,NA,5749
"408",1989-07-03,0.01,5755
"409",1989-07-05,0.05,5757
"410",1989-07-19,NA,5771
"411",1989-08-02,0.05,5785
"412",1989-08-15,NA,5798
"413",1989-08-22,0.17,5805
"414",1989-08-23,0.23,5806
"415",1989-08-29,0.29,5812
"416",1989-09-05,0.28,5819
"417",1989-09-12,0.15,5826
"418",1989-09-13,0.17,5827
"419",1989-09-16,0.13,5830
"420",1989-09-18,0.1,5832
"421",1989-09-21,0.18,5835
"422",1989-09-23,0.18,5837
"423",1989-09-25,0.18,5839
"424",1989-09-26,0.11,5840
"425",1989-09-27,0.195,5841
"426",1989-09-30,0.14,5844
"427",1989-10-03,0.08,5847
"428",1989-10-04,0.07,5848
"429",1989-10-07,0.05,5851
"430",1989-10-09,0.03,5853
"431",1989-10-11,0.06,5855
"432",1989-10-24,0.17,5868
"433",1989-11-01,0.04,5876
"434",1989-11-02,0.06,5877
"435",1989-11-03,0.06,5878
"436",1989-11-06,0.04,5881
"437",1989-11-08,0.05,5883
"438",1989-11-20,0.05,5895
"439",1989-11-21,0.01,5896
"440",1989-11-28,0.01,5903
"441",1989-11-30,0.03,5905
"442",1989-12-04,0.02,5909
"443",1989-12-05,0.035,5910
"444",1989-12-07,0.05,5912
"445",1989-12-09,0.05,5914
"446",1989-12-11,0.055,5916
"447",1989-12-12,0.05,5917
"448",1989-12-14,0.06,5919
"449",1989-12-18,0.02,5923
"450",1989-12-19,0.04,5924
"451",1989-12-20,0.03,5925
"452",1989-12-21,0.04,5926
"453",1989-12-22,0.05,5927
"454",1989-12-23,0.065,5928
"455",1989-12-25,0.07,5930
"456",1989-12-26,0.06,5931
"457",1990-01-02,0.025,5938
"458",1990-01-03,0.03,5939
"459",1990-01-08,0.03,5944
"460",1990-01-16,0.045,5952
"461",1990-01-17,0.05,5953
"462",1990-01-18,0.05,5954
"463",1990-01-19,0.04,5955
"464",1990-01-20,0.04,5956
"465",1990-01-21,0.03,5957
"466",1990-01-22,0.03,5958
"467",1990-01-23,0.02,5959
"468",1990-01-24,NA,5960
"469",1990-01-25,0.01,5961
"470",1990-01-26,0.02,5962
"471",1990-01-27,NA,5963
"472",1990-01-28,0.02,5964
"473",1990-01-29,0.01,5965
"474",1990-01-30,NA,5966
"475",1990-02-05,0.03,5972
"476",1990-02-06,0.01,5973
"477",1990-02-07,NA,5974
"478",1990-02-09,NA,5976
"479",1990-02-11,NA,5978
"480",1990-02-12,NA,5979
"481",1990-02-13,NA,5980
"482",1990-02-14,NA,5981
"483",1990-02-16,0.035,5983
"484",1990-02-20,0.01,5987
"485",1990-02-22,0.02,5989
"486",1990-02-26,NA,5993
"487",1990-02-28,0.015,5995
"488",1990-03-02,0.02,5997
"489",1990-03-04,0.01,5999
"490",1990-03-05,0.01,6000
"491",1990-03-07,0.01,6002
"492",1990-03-09,0.03,6004
"493",1990-03-11,0.03,6006
"494",1990-03-12,NA,6007
"495",1990-03-19,0.01,6014
"496",1990-03-26,0.02,6021
"497",1990-04-04,0.19,6030
"498",1990-04-06,0.07,6032
"499",1990-04-10,0.075,6036
"500",1990-04-11,0.03,6037
"501",1990-04-13,0.01,6039
"502",1990-04-15,NA,6041
"503",1990-04-17,0.01,6043
"504",1990-04-19,0.03,6045
"505",1990-04-21,0.02,6047
"506",1990-04-23,0.01,6049
"507",1990-04-24,NA,6050
"508",1990-04-25,NA,6051
"509",1990-04-27,0.04,6053
"510",1990-04-29,0.04,6055
"511",1990-04-30,NA,6056
"512",1990-05-07,0.04,6063
"513",1990-05-08,0.02,6064
"514",1990-05-23,0.15,6079
"515",1990-06-05,0.01,6092
"516",1990-06-19,0.03,6106
"517",1990-07-03,0.03,6120
"518",1990-07-09,0.16,6126
"519",1990-07-16,0.15,6133
"520",1990-07-18,0.23,6135
"521",1990-07-23,0.15,6140
"522",1990-07-30,0.16,6147
"523",1990-07-31,0.06,6148
"524",1990-08-06,0.19,6154
"525",1990-08-13,0.17,6161
"526",1990-08-15,0.11,6163
"527",1990-08-20,0.24,6168
"528",1990-08-27,0.28,6175
"529",1990-08-29,0.18,6177
"530",1990-09-04,NA,6183
"531",1990-09-10,0.18,6189
"532",1990-09-12,0.14,6191
"533",1990-09-17,0.3,6196
"534",1990-09-24,0.1,6203
"535",1990-09-26,0.05,6205
"536",1990-10-01,0.19,6210
"537",1990-10-09,0.075,6218
"538",1990-10-16,0.12,6225
"539",1990-10-22,0.07,6231
"540",1990-10-24,0.07,6233
"541",1990-10-31,0.02,6240
"542",1990-11-06,0.075,6246
"543",1990-11-13,0.06,6253
"544",1990-11-19,0.02,6259
"545",1990-11-20,0.18,6260
"546",1990-11-26,0.05,6266
"547",1990-12-03,0.25,6273
"548",1990-12-04,0.2,6274
"549",1990-12-10,0.04,6280
"550",1990-12-18,0.06,6288
"551",1990-12-19,0.08,6289
"552",1990-12-26,0.11,6296
"553",1990-12-31,0.11,6301
"554",1991-01-07,0.05,6308
"555",1991-01-14,0.06,6315
"556",1991-01-15,0.09,6316
"557",1991-01-17,0.16,6318
"558",1991-01-22,0.01,6323
"559",1991-01-28,0.07,6329
"560",1991-01-30,0.08,6331
"561",1991-02-04,0.12,6336
"562",1991-02-12,0.08,6344
"563",1991-02-27,NA,6359
"564",1991-03-12,0.04,6372
"565",1991-03-18,0.02,6378
"566",1991-03-25,0.055,6385
"567",1991-04-01,0.05,6392
"568",1991-04-08,NA,6399
"569",1991-04-09,0.04,6400
"570",1991-04-15,NA,6406
"571",1991-04-22,NA,6413
"572",1991-04-23,NA,6414
"573",1991-04-29,0.03,6420
"574",1991-05-06,0.02,6427
"575",1991-05-07,NA,6428
"576",1991-05-13,0.05,6434
"577",1991-05-20,NA,6441
"578",1991-05-22,0.07,6443
"579",1991-05-28,0.09,6449
"580",1991-06-03,NA,6455
"581",1991-06-04,NA,6456
"582",1991-06-10,0.11,6462
"583",1991-06-17,0.05,6469
"584",1991-06-24,0.07,6476
"585",1991-07-01,0.07,6483
"586",1991-07-02,0.05,6484
"587",1991-07-08,NA,6490
"588",1991-07-15,0.01,6497
"589",1991-07-16,NA,6498
"590",1991-07-22,0.07,6504
"591",1991-07-29,0.045,6511
"592",1991-08-05,NA,6518
"593",1991-08-12,0.03,6525
"594",1991-08-13,0.03,6526
"595",1991-08-20,0.06,6533
"596",1991-08-26,0.09,6539
"597",1991-08-28,0.05,6541
"598",1991-09-03,0.1,6547
"599",1991-09-09,0.14,6553
"600",1991-09-10,0.1,6554
"601",1991-09-16,0.17,6560
"602",1991-09-23,0.06,6567
"603",1991-09-25,0.14,6569
"604",1991-09-30,0.07,6574
"605",1991-10-07,0.09,6581
"606",1991-10-08,0.03,6582
"607",1991-10-14,0.1,6588
"608",1991-10-23,0.02,6597
"609",1991-11-05,0.36,6610
"610",1991-11-20,0.02,6625
"611",1991-12-04,NA,6639
"612",1991-12-17,NA,6652
"613",1991-12-31,0.16,6666
"614",1992-01-14,0.31,6680
"615",1992-01-29,0.19,6695
"616",1992-02-10,0.19,6707
"617",1992-02-19,0.15,6716
"618",1992-02-24,0.04,6721
"619",1992-02-26,0.06,6723
"620",1992-03-02,0.1,6728
"621",1992-03-09,NA,6735
"622",1992-03-13,0.03,6739
"623",1992-03-16,NA,6742
"624",1992-03-23,NA,6749
"625",1992-03-24,NA,6750
"626",1992-03-30,NA,6756
"627",1992-04-06,NA,6763
"628",1992-04-13,0.03,6770
"629",1992-04-20,0.05,6777
"630",1992-04-21,0.03,6778
"631",1992-04-27,0.21,6784
"632",1992-05-04,NA,6791
"633",1992-05-11,NA,6798
"634",1992-05-18,NA,6805
"635",1992-05-19,NA,6806
"636",1992-05-26,NA,6813
"637",1992-06-01,0.005,6819
"638",1992-06-08,NA,6826
"639",1992-06-15,NA,6833
"640",1992-06-22,NA,6840
"641",1992-06-29,0.02,6847
"642",1992-07-01,0.06,6849
"643",1992-07-06,0.19,6854
"644",1992-07-13,0.115,6861
"645",1992-07-21,0.1,6869
"646",1992-07-27,0.14,6875
"647",1992-07-29,0.14,6877
"648",1992-08-03,0.19,6882
"649",1992-08-10,0.25,6889
"650",1992-08-11,0.26,6890
"651",1992-08-17,0.11,6896
"652",1992-08-25,0.22,6904
"653",1992-08-26,0.11,6905
"654",1992-08-31,0.13,6910
"655",1992-09-08,0.03,6918
"656",1992-09-09,0.02,6919
"657",1992-09-15,0.12,6925
"658",1992-09-21,0.02,6931
"659",1992-09-22,0.12,6932
"660",1992-09-28,0.08,6938
"661",1992-10-05,0.09,6945
"662",1992-10-06,0.06,6946
"663",1992-10-13,0.04,6953
"664",1992-10-20,0.04,6960
"665",1992-10-27,NA,6967
"666",1992-11-02,0.03,6973
"667",1992-11-03,0.01,6974
"668",1992-11-10,0.19,6981
"669",1992-11-18,0.04,6989
"670",1992-11-23,0.14,6994
"671",1992-11-30,0.09,7001
"672",1992-12-03,0.1,7004
"673",1992-12-08,0.02,7009
"674",1992-12-14,0.06,7015
"675",1992-12-15,0.14,7016
"676",1992-12-22,0.09,7023
"677",1992-12-30,0.22,7031
"678",1993-01-06,0.12,7038
"679",1993-01-11,0.07,7043
"680",1993-01-13,0.11,7045
"681",1993-01-21,0.05,7053
"682",1993-01-27,0.135,7059
"683",1993-01-28,0.09,7060
"684",1993-02-03,NA,7066
"685",1993-02-08,NA,7071
"686",1993-02-10,NA,7073
"687",1993-02-18,NA,7081
"688",1993-02-23,0.015,7086
"689",1993-02-24,0.02,7087
"690",1993-03-03,NA,7094
"691",1993-03-08,NA,7099
"692",1993-03-10,NA,7101
"693",1993-03-17,0.01,7108
"694",1993-03-23,0.01,7114
"695",1993-03-25,NA,7116
"696",1993-03-30,0,7121
"697",1993-04-06,0.02,7128
"698",1993-04-13,NA,7135
"699",1993-04-20,NA,7142
"700",1993-04-27,NA,7149
"701",1993-05-04,NA,7156
"702",1993-05-18,NA,7170
"703",1993-05-25,0.02,7177
"704",1993-06-02,NA,7185
"705",1993-06-08,NA,7191
"706",1993-06-16,0.08375,7199
"707",1993-06-22,NA,7205
"708",1993-06-26,0.01,7209
"709",1993-06-29,0.0928571428571428,7212
"710",1993-07-07,NA,7220
"711",1993-07-13,0.03,7226
"712",1993-07-15,0.01,7228
"713",1993-07-20,NA,7233
"714",1993-07-27,NA,7240
"715",1993-08-03,0.06,7247
"716",1993-08-09,NA,7253
"717",1993-08-10,0.03,7254
"718",1993-08-24,0.02,7268
"719",1993-09-07,0.08,7282
"720",1993-09-21,0.13,7296
"721",1993-10-04,0.06,7309
"722",1993-10-19,0.075,7324
"723",1993-11-01,0.32,7337
"724",1993-11-16,0.11,7352
"725",1993-11-29,0.16,7365
"726",1993-12-14,0.19,7380
"727",1993-12-27,0.11,7393
"728",1994-01-03,0.21,7400
"729",1994-01-11,0.13,7408
"730",1994-01-19,0.085,7416
"731",1994-01-25,0.09,7422
"732",1994-01-31,0.07,7428
"733",1994-02-01,0.09,7429
"734",1994-02-08,0.01,7436
"735",1994-02-15,0,7443
"736",1994-02-23,0.03,7451
"737",1994-03-01,0.0825,7457
"738",1994-03-02,0.08,7458
"739",1994-03-08,0.015,7464
"740",1994-03-15,0.065,7471
"741",1994-03-22,0.02,7478
"742",1994-03-28,NA,7484
"743",1994-03-29,0.01,7485
"744",1994-04-05,0.04,7492
"745",1994-04-12,NA,7499
"746",1994-04-19,0.06,7506
"747",1994-04-25,0.035,7512
"748",1994-04-26,0.031,7513
"749",1994-05-02,NA,7519
"750",1994-05-03,0.029,7520
"751",1994-05-10,0.083,7527
"752",1994-05-17,NA,7534
"753",1994-05-24,0.036,7541
"754",1994-06-01,NA,7549
"755",1994-06-03,0.18,7551
"756",1994-06-07,NA,7555
"757",1994-06-14,0.021,7562
"758",1994-06-21,0.042,7569
"759",1994-06-28,0.091,7576
"760",1994-07-05,0.068,7583
"761",1994-07-07,0.05425,7585
"762",1994-07-12,0.156,7590
"763",1994-07-19,NA,7597
"764",1994-07-20,0.047,7598
"765",1994-07-26,0.052,7604
"766",1994-08-02,0.054,7611
"767",1994-08-03,NA,7612
"768",1994-08-10,0.079,7619
"769",1994-08-16,0.063,7625
"770",1994-08-17,0.014,7626
"771",1994-08-24,0.024,7633
"772",1994-08-29,0.047,7638
"773",1994-08-30,0.014,7639
"774",1994-09-12,0.008,7652
"775",1994-09-14,0.0176666666666667,7654
"776",1994-09-26,0.031,7666
"777",1994-10-10,0.04,7680
"778",1994-10-24,0.047,7694
"779",1994-11-07,0.016,7708
"780",1994-11-22,0.039,7723
"781",1994-12-05,NA,7736
"782",1995-01-04,0.031,7766
"783",1995-01-30,0.048,7792
"784",1995-03-27,NA,7848
"785",1995-04-24,0.0025,7876
"786",1995-04-26,0.071,7878
"787",1995-05-03,0.058,7885
"788",1995-05-10,0.056,7892
"789",1995-05-17,NA,7899
"790",1995-05-22,0.017,7904
"791",1995-05-24,NA,7906
"792",1995-05-31,0.033,7913
"793",1995-08-03,NA,7977
"794",1995-08-16,NA,7990
"795",1995-08-23,0.086,7997
"796",1995-08-30,0.183666666666667,8004
"797",1995-09-06,0.127,8011
"798",1995-09-11,0.226,8016
"799",1995-09-13,0.087,8018
"800",1995-09-20,0.035,8025
"801",1995-09-27,0.0415,8032
"802",1995-10-04,0.046,8039
"803",1995-10-09,0.056,8044
"804",1995-10-11,0.073,8046
"805",1995-10-18,0.092,8053
"806",1995-10-25,0.016,8060
"807",1995-11-01,0.052,8067
"808",1995-11-06,0.037,8072
"809",1995-11-08,0.069,8074
"810",1995-11-15,0.041,8081
"811",1995-11-20,0.0453333333333333,8086
"812",1995-11-29,0.037,8095
"813",1995-12-04,0.036,8100
"814",1995-12-06,0.036,8102
"815",1995-12-13,0.017,8109
"816",1995-12-19,0.073,8115
"817",1995-12-20,0.101,8116
"818",1995-12-27,0.258,8123
"819",1996-01-02,0.233,8129
"820",1996-01-03,0.179,8130
"821",1996-01-10,0.188,8137
"822",1996-01-16,0.204,8143
"823",1996-01-18,0.085,8145
"824",1996-01-24,0.178,8151
"825",1996-01-31,0.14,8158
"826",1996-02-07,0.147,8165
"827",1996-02-12,0.187,8170
"828",1996-02-26,0.186,8184
"829",1996-02-28,0.207,8186
"830",1996-03-06,0.104,8193
"831",1996-03-11,0.1994,8198
"832",1996-03-13,0.172,8200
"833",1996-03-20,0.1,8207
"834",1996-03-25,0.205,8212
"835",1996-03-27,0.224,8214
"836",1996-04-03,0.216,8221
"837",1996-04-08,0.082,8226
"838",1996-04-10,0.2,8228
"839",1996-04-17,0.191,8235
"840",1996-04-22,0.1065,8240
"841",1996-05-01,0.073,8249
"842",1996-05-06,0.0766,8254
"843",1996-05-08,0.021,8256
"844",1996-05-15,0.027,8263
"845",1996-05-20,0.044,8268
"846",1996-05-22,0.09,8270
"847",1996-05-29,0.037,8277
"848",1996-06-05,0.038,8284
"849",1996-06-12,0.025,8291
"850",1996-06-18,0,8297
"851",1996-06-19,0.019,8298
"852",1996-06-26,0.03,8305
"853",1996-07-01,0.0905,8310
"854",1996-07-10,0.047,8319
"855",1996-07-15,0.0145,8324
"856",1996-07-16,0.088,8325
"857",1996-07-24,0.061,8333
"858",1996-08-07,0.128,8347
"859",1997-01-13,0.579,8506
"860",1997-01-27,0.727,8520
"861",1997-02-10,0.049,8534
"862",1997-02-24,NA,8548
"863",1997-03-10,0.424,8562
"864",1997-03-24,0.021,8576
"865",1997-04-07,0.03,8590
"866",1997-04-21,0.049,8604
"867",1997-05-05,0.015,8618
"868",1997-05-19,0.03,8632
"869",1997-06-02,0.055,8646
"870",1997-06-16,NA,8660
"871",1997-06-30,NA,8674
"872",1997-07-14,0.055,8688
"873",1997-07-28,0.0078,8702
"874",1997-09-08,0.08,8744
"875",1997-10-06,0.07,8772
"876",1997-11-03,0.153,8800
"877",1997-11-17,0.043,8814
"878",1997-12-01,0.021,8828
"879",1997-12-22,0.046,8849
"880",1998-01-05,0.12,8863
"881",1998-01-20,0.072,8878
"882",1998-02-02,0.069,8891
"883",1998-02-18,0.069,8907
"884",1998-03-02,0.062,8919
"885",1998-03-16,0.043,8933
"886",1998-04-06,0.027,8954
"887",1998-04-21,0.01,8969
"888",1998-05-05,NA,8983
"889",1998-05-18,0.046,8996
"890",1998-06-01,0.01075,9010
"891",1998-06-15,NA,9024
"892",1998-06-29,NA,9038
"893",1998-07-27,NA,9066
"894",1998-08-10,NA,9080
"895",1998-08-24,0.402,9094
"896",1998-09-08,0.115,9109
"897",1998-09-21,0.179,9122
"898",1998-10-19,0.0055,9150
"899",1998-11-02,0.059,9164
"900",1998-12-14,0.05,9206
"901",1998-12-28,0.0666,9220
"902",1999-01-11,0.0415,9234
"903",1999-01-25,0.078,9248
"904",1999-02-08,0.077,9262
"905",1999-02-22,0.018,9276
"906",1999-03-08,0.039,9290
"907",1999-03-22,5e-04,9304
"908",1999-04-05,0.012,9318
"909",1999-04-19,0.15,9332
"910",1999-05-03,0.004,9346
"911",1999-05-17,5e-04,9360
"912",1999-06-07,0.018,9381
"913",1999-06-21,0.037,9395
"914",1999-07-12,0.108,9416
"915",1999-07-26,0.0786,9430
"916",1999-08-09,0.147,9444
"917",1999-08-23,0.088,9458
"918",1999-09-07,0.072,9473
"919",1999-09-20,0.057,9486
"920",1999-10-04,0.078,9500
"921",1999-10-18,0.105,9514
"922",1999-11-01,0.068,9528
"923",1999-11-15,0.05,9542
"924",1999-12-13,0.044,9570
"925",1999-12-27,0.03,9584
"926",2000-01-10,0.035,9598
"927",2000-01-24,0.029,9612
"928",2000-02-07,0.02,9626
"929",2000-02-22,0.034,9641
"930",2000-03-06,NA,9654
"931",2000-03-20,0.044,9668
"932",2000-04-04,0.017,9683
"933",2000-04-17,NA,9696
"934",2000-05-01,0.0402,9710
"935",2000-05-15,0.132,9724
"936",2000-06-12,0.133,9752
"937",2000-06-26,0.179,9766
"938",2000-07-10,0.134,9780
"939",2000-07-25,0.098,9795
"940",2000-08-07,0.183,9808
"941",2000-08-21,0.009,9822
"942",2000-09-05,0.009,9837
"943",2000-09-18,0.291,9850
"944",2000-10-02,1.383,9864
"945",2000-10-16,0.261,9878
"946",2000-10-30,0.017,9892
"947",2000-11-13,0.148,9906
"948",2000-12-04,0.397,9927
"949",2000-12-18,0.291,9941
"950",2001-01-08,0.206,9962
"951",2001-01-22,0.16,9976
"952",2001-02-05,0.039,9990
"953",2001-02-20,0.0305,10005
"954",2001-03-05,0.068,10018
"955",2001-03-19,0.083,10032
"956",2001-04-02,0.012,10046
"957",2001-04-16,NA,10060
"958",2001-04-30,0.019,10074
"959",2001-05-14,NA,10088
"960",2001-06-04,NA,10109
"961",2001-06-18,NA,10123
"962",2001-07-02,NA,10137
"963",2001-07-11,0,10146
"964",2001-07-16,0.07,10151
"965",2001-07-30,0.374,10165
"966",2001-08-13,0.322,10179
"967",2001-08-27,0.095,10193
"968",2001-09-10,0.123,10207
"969",2001-09-24,0.0645,10221
"970",2001-10-08,0.168,10235
"971",2001-10-22,0.154,10249
"972",2001-11-05,0.118,10263
"973",2001-11-19,0.0185,10277
"974",2001-12-03,0.025,10291
"975",2001-12-17,0.1785,10305
"976",2002-01-07,0.01,10326
"977",2002-01-22,0.019,10341
"978",2002-02-04,0.025,10354
"979",2002-02-19,0.002,10369
"980",2002-03-04,0.041,10382
"981",2002-03-18,0.018,10396
"982",2002-04-01,0,10410
"983",2002-04-15,0.012,10424
"984",2002-04-29,NA,10438
"985",2002-05-13,NA,10452
"986",2002-05-28,NA,10467
"987",2002-06-10,0.023,10480
"988",2002-06-24,NA,10494
"989",2002-07-08,NA,10508
"990",2002-09-16,0.106,10578
"991",2002-09-30,0.027,10592
"992",2002-10-14,0.075,10606
"993",2002-10-28,0.056,10620
"994",2002-11-12,0.081,10635
"995",2002-12-09,0.021,10662
"996",2002-12-30,0.048,10683
"997",2003-01-13,0.0205,10697
"998",2003-01-27,0.037,10711
"999",2003-02-10,0.038,10725
"1000",2003-03-10,0.017,10753
"1001",2003-03-24,0.049,10767
"1002",2003-04-07,0.037,10781
"1003",2003-04-21,0.024,10795
"1004",2003-05-05,0.018,10809
"1005",2003-05-19,0.0045,10823
"1006",2003-06-16,0.014,10851
"1007",2003-07-08,0.058,10873
"1008",2003-07-21,0.015,10886
"1009",2003-08-04,0.071,10900
"1010",2003-08-18,0.068,10914
"1011",2003-09-15,0.147,10942
"1012",2003-10-06,NA,10963
"1013",2003-10-20,0.064,10977
"1014",2003-11-03,0.045,10991
"1015",2003-11-17,0.028,11005
"1016",2003-12-01,0.0175,11019
"1017",2003-12-15,0.048,11033
"1018",2004-01-05,0.0105,11054
"1019",2004-01-20,NA,11069
"1020",2004-02-02,0.044,11082
"1021",2004-02-17,0.018,11097
"1022",2004-03-15,0.041,11124
"1023",2004-04-05,0.031,11145
"1024",2004-04-19,0.016,11159
"1025",2004-05-03,0.041,11173
"1026",2004-05-17,0.078,11187
"1027",2004-06-07,0.125,11208
"1028",2004-06-21,0.048,11222
"1029",2004-07-26,0.02,11257
"1030",2004-08-23,0.099,11285
"1031",2004-10-04,0.171,11327
"1032",2004-10-18,0.177,11341
"1033",2004-11-01,0.25,11355
"1034",2004-11-15,0.172,11369
"1035",2004-12-06,0.071,11390
"1036",2004-12-20,0.173,11404
"1037",2005-01-03,0.012,11418
"1038",2005-01-18,0.047,11433
"1039",2005-01-31,0.02,11446
"1040",2005-02-14,0.02,11460
"1041",2005-02-28,0.031,11474
"1042",2005-03-14,0.083,11488
"1043",2005-04-04,0.075,11509
"1044",2005-04-18,0.073,11523
"1045",2005-05-02,0.045,11537
"1046",2005-05-16,0.033,11551
"1047",2005-06-13,0.123,11579
"1048",2005-06-27,0.124,11593
"1049",2005-07-11,0.131,11607
"1050",2005-07-25,0.104,11621
"1051",2005-08-08,0.011,11635
"1052",2005-08-22,0.012,11649
"1053",2005-09-06,0.057,11664
"1054",2005-09-20,0.051,11678
"1055",2005-10-03,NA,11691
"1056",2005-10-17,0.013,11705
"1057",2005-11-01,0.057,11720
"1058",2005-11-14,0.059,11733
"1059",2005-12-05,0.071,11754
"1060",2005-12-19,NA,11768
"1061",2006-01-09,NA,11789
"1062",2006-01-23,0.011,11803
"1063",2006-02-06,0.123,11817
"1064",2006-02-21,0.014,11832
"1065",2006-03-06,0.019,11845
"1066",2006-03-20,0.068,11859
"1067",2006-04-03,0.009,11873
"1068",2006-04-17,0.009,11887
"1069",2006-05-08,0.06,11908
"1070",2006-05-22,NA,11922
"1071",2006-06-19,0.009,11950
"1072",2006-07-05,0.029,11966
"1073",2006-07-17,0.012,11978
"1074",2006-08-07,NA,11999
"1075",2006-08-21,0.183,12013
"1076",2006-09-25,0.179,12048
"1077",2006-10-09,0.014,12062
"1078",2006-10-23,0.069,12076
"1079",2006-11-14,0.009,12098
"1080",2006-11-27,0.105,12111
"1081",2006-12-04,0.251,12118
"1082",2006-12-18,0.274,12132
"1083",2007-01-08,0.221,12153
"1084",2007-01-22,0.178,12167
"1085",2007-02-12,0.321,12188
"1086",2007-02-26,0.301,12202
"1087",2007-03-12,0.007,12216
"1088",2007-03-26,0.021,12230
"1089",2007-04-09,0.258,12244
"1090",2007-04-23,0.116,12258
"1091",2007-05-07,0.021,12272
"1092",2007-05-21,0.115,12286
"1093",2007-06-04,0.02,12300
"1094",2007-06-18,0.027,12314
"1095",2007-07-09,0.054,12335
"1096",2007-07-23,0.318,12349
"1097",2007-08-06,0.019,12363
"1098",2007-08-20,0.03,12377
"1099",2007-09-10,0.021,12398
"1100",2007-09-24,0.026,12412
"1101",2007-10-08,0.138,12426
"1102",2007-10-22,0.35,12440
"1103",2007-11-13,0.108,12462
"1104",2007-11-26,0.05,12475
"1105",2007-12-05,0.04,12484
"1106",2007-12-19,0.015,12498
"1107",2008-01-02,0.038,12512
"1108",2008-01-16,0.011,12526
"1109",2008-02-06,0.012,12547
"1110",2008-02-20,0.013,12561
"1111",2008-03-05,0.004,12575
"1112",2008-03-19,0.006,12589
"1113",2008-04-02,0.015,12603
"1114",2008-04-16,0.034,12617
"1115",2008-05-14,0.016,12645
"1116",2008-05-28,0.017,12659
"1117",2008-06-25,0.024,12687
"1118",2008-07-16,0.118,12708
"1119",2008-07-30,0.172,12722
"1120",2008-08-13,0.15,12736
"1121",2008-08-28,0.025,12751
"1122",2008-09-10,0.127,12764
"1123",2008-09-24,0.161,12778
"1124",2008-10-08,0.171,12792
"1125",2008-10-22,0.046,12806
"1126",2008-11-05,0.123,12820
"1127",2008-11-19,0.192,12834
"1128",2008-12-03,0.023,12848
"1129",2008-12-17,0.014,12862
"1130",2009-01-07,0.071,12883
"1131",2009-01-21,0.071,12897
"1132",2009-02-04,0.085,12911
"1133",2009-02-18,0.034,12925
"1134",2009-04-22,0.023,12988
"1135",2009-05-06,0.051,13002
"1136",2009-05-20,0.142,13016
"1137",2009-06-03,0.083,13030
"1138",2009-06-17,0.055,13044
"1139",2009-07-08,0.183,13065
"1140",2009-07-22,0.063,13079
"1141",2009-08-12,0.101,13100
"1142",2009-08-26,0.151,13114
"1143",2009-09-09,0.088,13128
"1144",2009-09-23,0.121,13142
"1145",2009-10-14,0.203,13163
"1146",2009-10-28,0.17,13177
"1147",2009-11-04,0.053,13184
"1148",2009-11-18,0.093,13198
"1149",2009-12-09,0.141,13219
"1150",2009-12-23,0.04,13233
"1151",2010-01-13,0.019,13254
"1152",2010-01-27,0.064,13268
"1153",2010-02-10,0.124,13282
"1154",2010-02-24,0.02,13296
"1155",2010-03-03,0.076,13303
"1156",2010-03-17,0.134,13317
"1157",2010-04-07,0.254,13338
"1158",2010-04-21,0.302,13352
"1159",2010-05-12,0.214,13373
"1160",2010-05-26,0.118,13387
"1161",2010-06-16,0.165,13408
"1162",2010-06-30,0.069,13422
"1163",2010-07-14,0.062,13436
"1164",2010-07-28,0.038,13450
"1165",2010-08-04,0.036,13457
"1166",2010-08-18,0.175,13471
"1167",2010-09-15,0.037,13499
"1168",2010-09-29,0.046,13513
"1169",2010-10-13,0.095,13527
"1170",2010-10-27,0.273,13541
"1171",2010-11-03,0.245,13548
"1172",2010-11-17,0.061,13562
"1173",2010-12-01,0.104,13576
"1174",2010-12-13,0.04,13588
"1175",2011-01-05,0.124,13611
"1176",2011-01-20,0.097,13626
"1177",2011-02-03,0.016,13640
"1178",2011-02-17,0.024,13654
"1179",2011-03-02,0.03,13667
"1180",2011-03-16,0.01,13681
"1181",2011-04-07,0.015,13703
"1182",2011-04-20,0.033,13716
"1183",2011-05-04,0.019,13730
"1184",2011-05-18,0.009,13744
"1185",2011-06-08,0.008,13765
"1186",2011-06-22,NA,13779
"1187",2011-07-06,0.012,13793
"1188",2011-07-20,0.005,13807
"1189",2011-08-10,0.107,13828
"1190",2011-08-24,0.034,13842
"1191",2011-09-21,0.079,13870
"1192",2011-10-05,0.186,13884
"1193",2011-10-19,0.115,13898
"1194",2011-11-02,0.12,13912
"1195",2011-11-16,0.156,13926
"1196",2011-12-07,0.123,13947
"1197",2011-12-21,0.133,13961
"1198",2012-01-04,0.102,13975
"1199",2012-01-18,0.117,13989
"1200",2012-03-21,0.1,14052
"1201",2012-04-04,0.024,14066
"1202",2012-04-18,0.011,14080
"1203",2012-05-02,0.117,14094
"1204",2012-05-16,0.106,14108
"1205",2012-06-06,0.075,14129
"1206",2012-06-20,0.046,14143
"1207",2012-07-11,0.113,14164
"1208",2012-07-25,0.098,14178
"1209",2012-08-08,0.066,14192
"1210",2012-08-22,0.101,14206
"1211",2012-09-05,0.05,14220
"1212",2012-09-20,0.187,14235
"1213",2012-10-03,0.274,14248
"1214",2012-10-17,0.235,14262
"1215",2012-11-14,0.073,14290
"1216",2012-11-28,0.085,14304
"1217",2012-12-05,0.053,14311
"1218",2012-12-19,0.184,14325
"1219",2013-01-09,0.087,14346
"1220",2013-01-23,0.077,14360
"1221",2013-02-06,0.091,14374
"1222",2013-02-21,0.069,14389
"1223",2013-03-06,0.021,14402
"1224",2013-03-20,0.019,14416
"1225",2013-04-03,0.01,14430
"1226",2013-04-17,0.011,14444
"1227",2013-05-08,0.018,14465
"1228",2013-05-22,0.017,14479
"1229",2013-06-05,0.046,14493
"1230",2013-06-19,0.204,14507
"1231",2013-07-10,0.023,14528
"1232",2013-07-24,0.092,14542
"1233",2013-08-07,0.106,14556
"1234",2013-08-21,0.113,14570
"1235",2013-09-04,0.157,14584
"1236",2013-09-18,0.208,14598
"1237",2013-10-07,0.1,14617
"1238",2013-10-21,0.165,14631
"1239",2013-11-04,0.153,14645
"1240",2013-11-18,0.221,14659
"1241",2013-12-02,0.053,14673
"1242",2013-12-16,0.084,14687
"1243",2014-01-06,0.082,14708
"1244",2014-01-21,0.035,14723
"1245",2014-02-03,0.016,14736
"1246",2014-02-17,0.011,14750
"1247",2014-03-03,0.01,14764
"1248",2014-03-17,0.019,14778
"1249",2014-04-07,0.016,14799
"1250",2014-04-21,0.023,14813
"1251",2014-05-05,0.016,14827
"1252",2014-05-19,0.015,14841
"1253",2014-06-09,0.014,14862
"1254",2014-06-23,0.04,14876
"1255",2014-07-07,0.308,14890
"1256",2014-07-21,0.161,14904
"1257",2014-08-04,0.114,14918
"1258",2014-08-18,0.104,14932
"1259",2014-09-08,0.217,14953
"1260",2014-09-22,0.189,14967
"1261",2014-10-06,0.054,14981
"1262",2014-10-20,0.044,14995
"1263",2014-11-03,0.034,15009
"1264",2014-11-17,0.295,15023
"1265",2014-12-01,0.169,15037
"1266",2014-12-15,0.152,15051
"1267",2015-01-05,0.125,15072
"1268",2015-01-20,0.1,15087
"1269",2015-02-02,0.086,15100
"1270",2015-02-16,0.05,15114
"1271",2015-03-02,0.062,15128
"1272",2015-03-16,0.031,15142
"1273",2015-04-06,0.017,15163
"1274",2015-04-20,0.026,15177
"1275",2015-05-04,0.02,15191
"1276",2015-05-18,0.11,15205
"1277",2015-06-01,0.06,15219
"1278",2015-06-15,0.021,15233
"1279",2015-07-06,0.016,15254
"1280",2015-07-20,0.016,15268
"1281",2015-08-03,0.075,15282
"1282",2015-08-17,0.054,15296
"1283",2015-08-31,0.178,15310
"1284",2015-09-14,0.106,15324
"1285",2015-09-28,0.074,15338
"1286",2015-10-12,0.11,15352
"1287",2015-10-26,0.11,15366
"1288",2015-11-09,0.17,15380
"1289",2015-11-23,0.112,15394
"1290",2015-12-07,0.106,15408
"1291",2015-12-21,0.16,15422
"1292",2016-01-04,0.139,15436
"1293",2016-01-20,0.138,15452
"1294",2016-02-01,0.065,15464
"1295",2016-02-15,0.071,15478
"1296",2016-02-29,0.116,15492
"1297",2016-03-14,0.093,15506
"1298",2016-03-28,0.107,15520
"1299",2016-04-11,0.064,15534
"1300",2016-04-25,0.089,15548
"1301",2016-05-09,0.134,15562
"1302",2016-05-23,0.031,15576
"1303",2016-06-06,0.095,15590
"1304",2016-06-20,0.089,15604
"1305",2016-07-06,0.17,15620
"1306",2016-07-18,0.178,15632
"1307",2016-08-01,0.079,15646
"1308",2016-08-15,0.114,15660
"1309",2016-10-10,0.145,15716
"1310",2016-10-24,0.2,15730
"1311",2016-11-07,0.232,15744
"1312",2016-11-21,0.195,15758
"1313",2016-12-05,0.038,15772
"1314",2016-12-19,0.094,15786
"1315",2017-01-04,0.068,15802
"1316",2017-01-17,0.06,15815
"1317",2017-01-30,0.164,15828
"1318",2017-02-13,0.064,15842
"1319",2017-02-27,0.022,15856
"1320",2017-03-13,0.022,15870
"1321",2017-03-27,0.014,15884
"1322",2017-04-10,0.018,15898
"1323",2017-04-24,0.018,15912
"1324",2017-05-08,0.074,15926
"1325",2017-05-22,0.017,15940
"1326",2017-06-05,0.043,15954
"1327",2017-06-19,0.047,15968
"1328",2017-07-05,0.019,15984
"1329",2017-07-17,0.053,15996
"1330",2017-08-14,0.34,16024
"1331",2017-08-28,0.247,16038
"1332",2017-09-13,0.02,16054
"1333",2017-09-25,0.152,16066
"1334",2017-10-09,0.165,16080
"1335",2017-10-23,0.199,16094
"1336",2017-11-06,0.167,16108
"1337",2017-11-20,0.116,16122
"1338",2017-12-04,0.102,16136
"1339",2017-12-18,0.092,16150
"1340",2018-01-02,0.112,16165
"1341",2018-01-16,0.096,16179
"1342",2018-01-29,0.106,16192
"1343",2018-02-12,0.104,16206
"1344",2018-03-12,0.039,16234
"1345",2018-04-09,0.012,16262
"1346",2018-05-07,0.011,16290
"1347",2018-06-18,0.296,16332
"1348",2018-07-02,0.181,16346
"1349",2018-07-30,0.111,16374
"1350",2018-08-13,0.194,16388
"1351",2018-08-27,0.07,16402
"1352",2018-09-10,0.064,16416
"1353",2018-09-24,0.105,16430
"1354",2018-10-08,0.131,16444
"1355",2018-10-22,0.045,16458
"1356",2018-11-19,0.017,16486
"1357",2018-12-17,0.037,16514
"1358",2019-01-02,0.015,16530
"1359",2019-01-14,0.013,16542
"1360",2019-01-28,0.024,16556
"1361",2019-02-11,0.017,16570
"1362",2019-02-25,0.027,16584
"1363",2019-03-11,0.02,16598
"1364",2019-04-08,0.015,16626
"1365",2019-05-06,0.015,16654
"1366",2019-06-03,0.012,16682
"1367",2019-07-01,0.486,16710
"1368",2019-07-29,0.217,16738
"1369",2019-08-12,0.207,16752
"1370",2019-08-26,0.14,16766
"1371",2019-09-09,0.211,16780
"1372",2019-09-23,0.15,16794
"1373",2019-10-21,0.195,16822
"1374",2019-12-02,0.143,16864
"1375",2019-12-16,0.186,16878
"1376",2020-01-13,0.061,16906
"1377",2020-02-10,0.043,16934
"1378",2020-03-09,0.018,16962
"1379",2020-04-06,0.01,16990
"1380",2020-04-20,0.014,17004
"1381",2020-05-04,0.014,17018
"1382",2020-06-01,0.016,17046
"1383",2020-06-15,0.295,17060
"1384",2020-06-29,0.113,17074
"1385",2020-07-13,0.25,17088
"1386",2020-07-27,0.159,17102
"1387",2020-08-10,0.062,17116
"1388",2020-08-24,0.012,17130
"1389",2020-09-08,0.069,17145
"1390",2020-09-21,0.076,17158
"1391",2020-10-05,0.101,17172
"1392",2020-10-19,0.104,17186
"1393",2020-11-02,0.116,17200
"1394",2020-11-16,0.131,17214
"1395",2020-11-30,0.101,17228
"1396",2020-12-14,0.108,17242
"1397",2020-12-28,0.136,17256
"1398",2021-01-11,0.151,17270
"1399",2021-02-08,0.051,17298
"1400",2021-02-22,0.076,17312
"1401",2021-03-08,0.026,17326
"1402",2021-04-05,0.031,17354
"1403",2021-04-19,0.008,17368
"1404",2021-05-03,0.015,17382
"1405",2021-06-01,0.011,17411
"1406",2021-06-28,0.098,17438
"1407",2021-07-12,0.19,17452
"1408",2021-08-23,0.16,17494
"1409",2021-09-20,0.152,17522
"1410",2021-10-04,0.138,17536
"1411",2021-10-18,0.232,17550
"1412",2021-11-01,0.186,17564
"1413",2021-11-15,0.181,17578
"1414",2021-11-29,0.063,17592
"1415",2022-03-07,0.184,17690
"1416",2022-06-27,0.058,17802
"1417",2022-07-11,0.079,17816
"1418",2022-07-25,0.017,17830
"1419",2022-08-22,0.014,17858
"1420",2022-09-19,0.007,17886
"1421",2022-10-03,0.072,17900
"1422",2022-10-20,0.104,17917
"1423",2022-11-14,0.211,17942
"1424",2022-11-28,0.15,17956
"1425",2022-12-12,0.081,17970
"1426",2022-12-27,0.161,17985
"1427",2023-01-09,0.106,17998
"1428",2023-01-23,0.159,18012
"1429",2023-02-06,0.194,18026
"1430",2023-03-06,0.108,18054
"1431",2023-04-03,0.02,18082
"1432",2023-05-01,0.013,18110
